"FQDN AD Domain","DN","Given Name","Last Name","Display Name","E-Mail Address","PWD Last Set","PWD Expire Date","Days Until PWD Expiry","Account Expiry Date","Days Until Account Expiry","Effective PWD Policy","Language","Mail Subject","HTML Body File"
"IAMTEC.NET","CN=jorge,OU=ICT,OU=Users,OU=EMPLOYEES,OU=Org-Users,DC=IAMTEC,DC=NET","Jorge","de Almeida Pinto","Jorge de Almeida Pinto","jorge@iamtec.nl","2015-01-12 23:30:36","2015-07-12 00:30:36","112.934398148148","9999-12-31 23:59:59","2916381.91313657","PSO-EMPLOYEES (IAMTEC.NET)","default","Expiring Password In Approx. PWD_EXPIRE_IN_NUM_DAYS Days - Change Your Password As Soon As Possible!","D:\TEMP\AD-Pwd-Exp-Notify_Message-Body_US.html"
"IAMTEC.NET","CN=John.Doe,OU=SALES,OU=Users,OU=EMPLOYEES,OU=Org-Users,DC=IAMTEC,DC=NET","John","Doe","John Doe","John.Doe@IAMTEC.NL","2015-01-11 15:53:46","2015-07-10 16:53:46","111.617152777778","9999-12-31 23:59:59","2916381.91313657","PSO-EMPLOYEES (IAMTEC.NET)","default","Expiring Password In Approx. PWD_EXPIRE_IN_NUM_DAYS Days - Change Your Password As Soon As Possible!","D:\TEMP\AD-Pwd-Exp-Notify_Message-Body_US.html"
"IAMTEC.NET","CN=Leonardo DaVinci,OU=Users,OU=HISTORY1,OU=Org-Users,DC=IAMTEC,DC=NET","Leonardo","DaVinci","Leonardo DaVinci","Leonardo.DaVinci@iamtec.nl","2014-11-24 13:37:50","2015-05-23 14:37:50","63.5227546296296","9999-12-31 23:59:59","2916381.91313657","PSO-HISTORY1 (IAMTEC.NET)","NL","Verlopen Wachtwoord In Ongeveer PWD_EXPIRE_IN_NUM_DAYS Dagen - Wijzig Uw Wachtwoord Zo Snel Als Mogelijk!","D:\TEMP\AD-Pwd-Exp-Notify_Message-Body_NL.html"
"IAMTEC.NET","CN=Albert Einstein,OU=Users,OU=HISTORY1,OU=Org-Users,DC=IAMTEC,DC=NET","Albert","Einstein","Albert Einstein","Albert.Einstein@iamtec.nl","2014-11-24 13:37:50","2015-05-23 14:37:50","63.5227546296296","9999-12-31 23:59:59","2916381.91313657","PSO-HISTORY1 (IAMTEC.NET)","NL","Verlopen Wachtwoord In Ongeveer PWD_EXPIRE_IN_NUM_DAYS Dagen - Wijzig Uw Wachtwoord Zo Snel Als Mogelijk!","D:\TEMP\AD-Pwd-Exp-Notify_Message-Body_NL.html"
"IAMTEC.NET","CN=Isaac Newton,OU=Users,OU=HISTORY1,OU=Org-Users,DC=IAMTEC,DC=NET","Isaac","Newton","Isaac Newton","Isaac.Newton@iamtec.nl","2014-11-24 13:37:50","2015-05-23 14:37:50","63.5227546296296","9999-12-31 23:59:59","2916381.91313657","PSO-HISTORY1 (IAMTEC.NET)","NL","Verlopen Wachtwoord In Ongeveer PWD_EXPIRE_IN_NUM_DAYS Dagen - Wijzig Uw Wachtwoord Zo Snel Als Mogelijk!","D:\TEMP\AD-Pwd-Exp-Notify_Message-Body_NL.html"
"IAMTEC.NET","CN=Manager History 1,OU=Users,OU=HISTORY1,OU=Org-Users,DC=IAMTEC,DC=NET","Manager","History 1","Manager History 1","Manager.History1@iamtec.nl","2014-11-24 13:37:50","2015-05-23 14:37:50","63.5227546296296","9999-12-31 23:59:59","2916381.91313657","PSO-HISTORY1 (IAMTEC.NET)","NL","Verlopen Wachtwoord In Ongeveer PWD_EXPIRE_IN_NUM_DAYS Dagen - Wijzig Uw Wachtwoord Zo Snel Als Mogelijk!","D:\TEMP\AD-Pwd-Exp-Notify_Message-Body_NL.html"
"IAMTEC.NET","CN=Thomas Edison,OU=Users,OU=HISTORY2,OU=Org-Users,DC=IAMTEC,DC=NET","Thomas","Edison","Thomas Edison","Thomas.Edison@iamtec.nl","2014-11-24 13:37:50","2015-05-23 14:37:50","63.5227546296296","9999-12-31 23:59:59","2916381.91313657","PSO-HISTORY2 (IAMTEC.NET)","NL","Verlopen Wachtwoord In Ongeveer PWD_EXPIRE_IN_NUM_DAYS Dagen - Wijzig Uw Wachtwoord Zo Snel Als Mogelijk!","D:\TEMP\AD-Pwd-Exp-Notify_Message-Body_NL.html"
"IAMTEC.NET","CN=Marie Curie,OU=Users,OU=HISTORY2,OU=Org-Users,DC=IAMTEC,DC=NET","Marie","Curie","Marie Curie","Marie.Curie@iamtec.nl","2014-11-24 13:37:51","2015-05-23 14:37:51","63.5227662037037","9999-12-31 23:59:59","2916381.91313657","PSO-HISTORY2 (IAMTEC.NET)","NL","Verlopen Wachtwoord In Ongeveer PWD_EXPIRE_IN_NUM_DAYS Dagen - Wijzig Uw Wachtwoord Zo Snel Als Mogelijk!","D:\TEMP\AD-Pwd-Exp-Notify_Message-Body_NL.html"
"IAMTEC.NET","CN=Max Planck,OU=Users,OU=HISTORY2,OU=Org-Users,DC=IAMTEC,DC=NET","Max","Planck","Max Planck","Max.Planck@iamtec.nl","2014-11-24 13:37:51","2015-05-23 14:37:51","63.5227662037037","9999-12-31 23:59:59","2916381.91313657","PSO-HISTORY2 (IAMTEC.NET)","NL","Verlopen Wachtwoord In Ongeveer PWD_EXPIRE_IN_NUM_DAYS Dagen - Wijzig Uw Wachtwoord Zo Snel Als Mogelijk!","D:\TEMP\AD-Pwd-Exp-Notify_Message-Body_NL.html"
"IAMTEC.NET","CN=Manager History 2,OU=Users,OU=HISTORY2,OU=Org-Users,DC=IAMTEC,DC=NET","Manager","History 2","Manager History 2","Manager.History2@iamtec.nl","2014-11-24 13:37:51","2015-05-23 14:37:51","63.5227662037037","9999-12-31 23:59:59","2916381.91313657","PSO-HISTORY2 (IAMTEC.NET)","NL","Verlopen Wachtwoord In Ongeveer PWD_EXPIRE_IN_NUM_DAYS Dagen - Wijzig Uw Wachtwoord Zo Snel Als Mogelijk!","D:\TEMP\AD-Pwd-Exp-Notify_Message-Body_NL.html"
