"FQDN AD Domain","NBT AD Domain","Distinguished Name","Given Name","Last Name","Display Name","E-Mail Address","UPN","Sam Account Name","Principal Account Name","SC Required","PWD Never Exp","PWD Last Set","PWD Expire Date","Days Until PWD Expiry","Account Expiry Date","Days Until Account Expiry","Effective PWD Policy","Language","Scoped For Acc Exp Not","Mail Subject (Acc Exp Not)","HTML Body File (Acc Exp Not)","Picture File (Acc Exp Not)","Acc Exp Not","Scoped For Pwd Exp Not","Mail Subject (Pwd Exp Not)","HTML Body File (Pwd Exp Not)","Picture File (Pwd Exp Not)","Pwd Exp Not"
"IAMTEC.NET","IAMTEC","CN=jorge,OU=ICT,OU=Users,OU=EMPLOYEES,OU=Org-Users,DC=IAMTEC,DC=NET","Jorge","de Almeida Pinto","Jorge de Almeida Pinto","jorge@iamtec.nl","jorge@iamtec.nl","jorge","IAMTEC\jorge","False","False","2019-12-07 22:03:23","2020-06-04 23:03:23","52.0334084354896","9999-12-31 23:59:59","2914531.07271399","PSO-EMPLOYEES (IAMTEC.NET)","default","True","Expiring Account In Approx. ACCOUNT_EXPIRE_IN_NUM_DAYS Days - Request Account Extension As Soon As Possible!","C:\AD-Support\Scripts\AD-Expiry-Notification\AD-Account-Exp-Notify_Message-Body_US.html","C:\AD-Support\Scripts\AD-Expiry-Notification\iamTEC_AccountExpiration_US.png","False","True","Expiring Password In Approx. PWD_EXPIRE_IN_NUM_DAYS Days - Change Your Password As Soon As Possible!","C:\AD-Support\Scripts\AD-Expiry-Notification\AD-Pwd-Exp-Notify_Message-Body_US.html","C:\AD-Support\Scripts\AD-Expiry-Notification\iamTEC_PasswordExpiration_US.png","True"
"IAMTEC.NET","IAMTEC","CN=Donald.Duck,OU=SALES,OU=Users,OU=CONTRACTORS,OU=Org-Users,DC=IAMTEC,DC=NET","Donald","Duck","Donald Duck","Donald.Duck@iamtec.nl","Donald.Duck@iamtec.nl","Donald.Duck","IAMTEC\Donald.Duck","False","False","2019-11-20 06:56:10","2020-05-18 07:56:10","34.4033968614155","2020-06-05 00:00:00","52.0727255651192","PSO-CONTRACTORS (IAMTEC.NET)","US","True","Expiring Account In Approx. ACCOUNT_EXPIRE_IN_NUM_DAYS Days - Request Account Extension As Soon As Possible!","C:\AD-Support\Scripts\AD-Expiry-Notification\AD-Account-Exp-Notify_Message-Body_US.html","C:\AD-Support\Scripts\AD-Expiry-Notification\iamTEC_AccountExpiration_US.png","True","True","Expiring Password In Approx. PWD_EXPIRE_IN_NUM_DAYS Days - Change Your Password As Soon As Possible!","C:\AD-Support\Scripts\AD-Expiry-Notification\AD-Pwd-Exp-Notify_Message-Body_US.html","C:\AD-Support\Scripts\AD-Expiry-Notification\iamTEC_PasswordExpiration_US.png","False"
"IAMTEC.NET","IAMTEC","CN=Jack.Johnson,OU=SALES,OU=Users,OU=CONTRACTORS,OU=Org-Users,DC=IAMTEC,DC=NET","Jack","Johnson","Jack Johnson","Jack.Johnson@IAMTEC.NL","Jack.Johnson@IAMTEC.NL","Jack.Johnson","IAMTEC\Jack.Johnson","False","False","2019-11-20 06:56:25","2020-05-18 07:56:25","34.4035704725266","2020-06-01 00:00:00","48.0727255651192","PSO-CONTRACTORS (IAMTEC.NET)","US","True","Expiring Account In Approx. ACCOUNT_EXPIRE_IN_NUM_DAYS Days - Request Account Extension As Soon As Possible!","C:\AD-Support\Scripts\AD-Expiry-Notification\AD-Account-Exp-Notify_Message-Body_US.html","C:\AD-Support\Scripts\AD-Expiry-Notification\iamTEC_AccountExpiration_US.png","True","True","Expiring Password In Approx. PWD_EXPIRE_IN_NUM_DAYS Days - Change Your Password As Soon As Possible!","C:\AD-Support\Scripts\AD-Expiry-Notification\AD-Pwd-Exp-Notify_Message-Body_US.html","C:\AD-Support\Scripts\AD-Expiry-Notification\iamTEC_PasswordExpiration_US.png","False"
"IAMTEC.NET","IAMTEC","CN=Albert Einstein,OU=Users,OU=HISTORY1,OU=Org-Users,DC=IAMTEC,DC=NET","Albert","Einstein","Albert Einstein","Albert.Einstein@iamtec.nl","Albert.Einstein@IAMTEC.NET","Albert.Einstein","IAMTEC\Albert.Einstein","False","False","2020-02-17 17:19:06","2020-08-15 18:19:06","123.835989454008","9999-12-31 23:59:59","2914531.07271399","PSO-HISTORY1 (IAMTEC.NET)","NL","True","Verlopen Account In Ongeveer ACCOUNT_EXPIRE_IN_NUM_DAYS Dagen - Verleng Uw Account Zo Snel Als Mogelijk!","C:\AD-Support\Scripts\AD-Expiry-Notification\AD-Account-Exp-Notify_Message-Body_NL.html","C:\AD-Support\Scripts\AD-Expiry-Notification\iamTEC_AccountExpiration_NL.png","False","True","Verlopen Wachtwoord In Ongeveer PWD_EXPIRE_IN_NUM_DAYS Dagen - Wijzig Uw Wachtwoord Zo Snel Als Mogelijk!","C:\AD-Support\Scripts\AD-Expiry-Notification\AD-Pwd-Exp-Notify_Message-Body_NL.html","C:\AD-Support\Scripts\AD-Expiry-Notification\iamTEC_PasswordExpiration_NL.png","True"
